review,sentiment
this product is amazing! it works perfectly and exceeded my expectations.,positive
i'm very disappointed with the quality. it broke after just one use.,negative
"the service was okay, but the delivery was delayed.",positive
i love this product! it's worth every penny.,positive
not satisfied at all. the product did not meet my needs.,negative
great customer support and fast shipping. highly recommended!,positive
"the product is average. nothing special, but it gets the job done.",positive
terrible experience. the item arrived damaged and was unusable.,negative
fantastic product! i would definitely buy it again.,positive
"the product is good, but the instructions were unclear.",positive
